NAME,AD
Lemuel Shattuck Hospital,170 MORTON ST
Beth Israel Deaconess Medical Center East Cam,330 BROOKLINE AV
Jewish Memorial Hospital,59 TOWNSEND ST
New England Baptist Hospital,125 PARKER HILL AV
Boston Specialty & Rehabilitation Hospital,249 RIVER ST
Boston Medical Center,88 EAST NEWTON ST
Va Hospital,125 PARKER HILL AV
Massachusetts Eye & Ear Infirmary,243 CHARLES ST
Kindred Hospital,1515 COMMONWEALTH AV
Brigham And Women's Hospital,75 FRANCIS ST
Carney Hospital,2100 DORCHESTER AV
New England Medical Center,750 WASHINGTON ST
Faulkner Hospital,1153 CENTRE ST
St. Elizabeth's Hospital,736 CAMBRIDGE ST
VA Hospital,1400 VFW Parkway
Shriners Burns Institute,51 BLOSSOM ST
Children's Hospital,300 LONGWOOD AV
Arbour Hospital,49 ROBINWOOD AV
Hebrew Rehabilitation Center,1200 Centre St
St. Margaret's Hospital For Women,90 CUSHING AV
Spaulding Rehabilitation Hospital,125 NASHUA ST
Franciscan Children's  Hospital,30 WARREN ST
Beth Israel Deaconess Medical Center West Cam,185 PILGRIM RD
Dana-farber Cancer Institute,44 BINNEY ST
Massachusetts General Hospital,55 FRUIT ST
Boston City Hospital,818 HARRISON AV
